post_id,tfidf_0,tfidf_1,tfidf_2,tfidf_3,tfidf_4,tfidf_5,tfidf_6,tfidf_7,tfidf_8,tfidf_9,tfidf_10,tfidf_11,tfidf_12,tfidf_13,tfidf_14,tfidf_15,tfidf_16,tfidf_17,tfidf_18,tfidf_19
4,0.11265459,-0.06074623,0.01022747,-0.012519787,0.035676207,-0.071352676,-0.20960692,0.11531279,0.1402655,0.15386601,0.18098108,-0.008290573,0.07371701,-0.026516918,-0.016283836,-0.07889968,-0.17531812,0.18079019,-0.16883965,-0.0614417
35,0.07194783,0.03160241,0.26124674,-0.08564351,0.08512959,-0.07511769,-0.19897139,0.10569148,0.041367646,-0.06434578,0.094080634,0.048518214,0.1996469,-0.076903045,0.044108316,-0.064800486,-0.11358937,0.065219685,-0.080268614,0.04741603
37,0.08779024,0.03998115,0.33123517,-0.091431,0.1064548,-0.1714522,-0.24235463,0.21948767,0.13106805,-0.052019853,0.08551541,0.0673192,0.27277005,-0.09563619,0.012642378,0.000844728,-0.25929523,0.22882293,-0.19618128,-0.003282244
43,0.07081048,0.039479077,0.27176943,-0.090667985,0.078964114,-0.07855655,-0.20023564,0.15472022,0.11162328,-0.009687524,0.1083827,0.048424408,0.22357705,-0.06887257,0.044724755,0.009171591,-0.07341855,0.015543336,-0.059388317,0.1560286
45,0.10481774,0.003631362,0.28613824,-0.090711996,0.107999645,-0.113087036,-0.215708,0.1591766,0.07543357,-0.025566213,0.12158429,0.045829315,0.3146944,-0.13500294,0.001540514,-0.0171171,-0.27559412,0.31964478,-0.26081508,-0.016206827
49,0.10016966,-0.040297925,0.26994425,-0.02181576,-0.038663592,0.007533073,-0.009497273,0.005346734,-0.026462141,-0.053851318,0.14510155,0.013336894,0.3090718,-0.10846298,0.022043653,0.03347844,-0.17529501,0.30101398,-0.20535915,-0.10106669
19,0.12525493,-0.11417508,-0.05108894,-0.13208933,-0.013768354,0.1396613,-0.025281498,-0.022392439,-0.066381566,-0.06238844,0.20667769,-0.056348637,-0.078845054,-0.12212122,0.15179938,-0.124732584,0.14889565,-0.027480446,0.043432437,0.011596823
32,0.09907702,-0.10613205,-0.054314096,0.013051559,-0.14344297,0.061020143,-0.12677534,-0.1508933,0.123309046,0.174643,0.19761892,-0.08259538,-0.07193211,0.026263136,0.18778574,0.01895915,-0.053390156,-0.07617261,-0.18074813,0.18598264
38,0.15128678,-0.13459562,-0.0655614,-0.07340499,-0.093296595,0.08282781,-0.08250184,-0.036339745,-0.001676254,0.03647578,0.27516967,-0.10794728,-0.07206632,-0.09126654,0.165251,-0.010180314,0.041710105,-0.008736557,-0.05410837,0.042767853
41,0.08728878,-0.08491249,-0.044242114,-0.053243477,-0.08782128,0.12352123,-0.24452314,-0.031539075,0.00745535,-0.031775635,0.15860322,-0.07405632,-0.08305404,-0.023466976,0.25661308,-0.13795783,0.05176476,-0.07423335,-0.103685126,0.030373797
48,0.11374848,-0.1252309,-0.05782821,-0.14106354,-0.17707324,0.1344512,-0.21593678,-0.027194506,-0.000759799,-0.04127282,0.17394564,-0.08135187,-0.11288644,-0.06797141,0.3708754,-0.121157534,0.057713237,-0.040050417,-0.06233333,-0.07893898
64,0.18823232,-0.19466034,-0.07371554,-0.18741092,-0.08835205,0.05979948,-0.020456059,0.034278568,-0.29967132,-0.15809855,0.3303021,-0.16871004,-0.10048269,-0.14316374,0.17336775,-0.037245505,0.03197711,-0.00629309,0.16939402,-0.14973395
66,0.18233575,-0.18090865,-0.06791216,-0.19164781,-0.08191942,0.06876939,-0.00152912,0.05884074,-0.27069074,-0.1249569,0.31224778,-0.15029952,-0.09267997,-0.14484116,0.15682387,-0.015127014,0.045597527,0.029336812,0.18883568,-0.10545996
72,0.14878345,-0.13623542,-0.041118905,-0.026430804,-0.0887153,0.09731766,0.027911533,-0.10116977,0.013900856,0.109724246,0.24549104,-0.10175364,-0.03362901,0.018167417,0.04893186,0.04310175,0.06634096,0.002577259,-0.091217995,0.053335175
73,0.21237835,-0.20935105,-0.06716121,-0.04273195,-0.2628302,0.038484253,-0.22480021,-0.12535457,0.09646683,0.21593234,0.3450644,-0.16360985,-0.14017463,0.022405654,0.33019587,0.041441057,-0.065210894,-0.038265623,-0.14508182,0.11456078
74,0.23948844,-0.23469912,-0.06650552,-0.08339615,-0.22016658,0.05624696,-0.23732077,-0.11309599,0.09820437,0.25379372,0.352965,-0.17035292,-0.14087723,-0.038358353,0.3170652,-0.002945066,-0.06384204,0.006499343,-0.109222025,0.13499969
77,0.21914227,-0.19321986,-0.07114554,-0.18422629,-0.075862564,0.040429346,-0.1259139,0.049561035,-0.10101566,-0.15195224,0.3435095,-0.1262767,-0.100052044,-0.14605677,0.18865131,-0.07419675,0.011509301,0.04084325,0.072916254,-0.17859882
78,0.18296178,-0.18219742,-0.070620164,-0.15892167,-0.06722124,-0.013941741,-0.08317604,0.06893049,-0.12002091,-0.18328461,0.3087935,-0.14493372,-0.09110703,-0.110883646,0.13672173,-0.044268526,-0.04126499,0.019983431,0.0773311,-0.22649236
84,0.18367758,-0.18422824,-0.054026138,-0.061581664,-0.15385288,0.027042497,-0.119971156,-0.08185745,0.07997249,0.12120845,0.30952755,-0.13992825,-0.087022334,-0.018921476,0.19851974,0.011057552,-0.030233601,-0.030697936,-0.18390186,0.018638529
87,0.18170795,-0.17949998,-0.056938667,-0.15114358,-0.04448593,0.14325713,-0.041818094,0.016947826,-0.058035698,0.06272053,0.271447,-0.14568332,-0.09449658,-0.09552714,0.19952798,-0.08270062,0.04887696,0.07630725,0.034850806,-0.013183142
5,0.08422911,-0.07948707,-0.037019055,-0.06936333,0.004682626,0.029534567,-0.052969296,0.02144792,-0.052240733,0.06504448,0.17707378,-0.06169026,-0.022750549,-0.075634144,0.05654238,-0.0771672,0.006216383,0.000909478,0.06839355,0.19053416
7,0.11239258,-0.098998465,-0.022563595,-0.059339378,0.004009299,0.15858169,0.05522645,0.03333391,-0.08713623,-0.11428889,0.17322399,-0.049014654,-0.039618265,-0.030107727,0.087555885,-0.045606475,0.15186277,0.10524448,0.051966716,-0.13786972
62,0.1841064,-0.106476285,-0.05879793,0.054658107,-0.11850914,-0.037288375,-0.006057356,0.0629916,0.000262314,-0.05953681,0.28647533,-0.059123326,-0.0581844,0.1011852,0.11506311,0.067849554,-0.033739988,-0.052133277,0.014022129,0.11347808
71,0.16523646,-0.12944199,-0.049682654,-0.030934218,0.07778024,0.080557756,0.04278431,-0.007433467,0.033488777,0.09113241,0.29297853,-0.08896223,-0.018289102,-0.037533622,-0.01972502,-0.043501843,0.038440775,0.07923477,-0.0663325,-0.00041895
102,0.16623925,-0.14073552,-0.028386224,-0.06425798,0.02717049,0.008609835,-0.025409505,-0.03513519,-0.038912013,-0.01201711,0.29841346,-0.12622003,-0.057773493,-0.03861213,0.016628187,-0.007602668,-0.036329612,-0.021174435,-0.01144617,-0.00773198
2,0.1904209,0.120358534,-0.027304323,0.008065664,0.001598665,-0.00304264,-0.030456962,0.10770371,-0.014122195,-0.16281231,0.20746706,0.20032868,-0.043076266,-0.014164973,0.002391367,-0.03652843,0.030746276,-0.04241408,0.013043647,0.022204466
27,0.11942631,-0.064795785,-0.04690872,-0.05116066,0.019772483,0.14537275,0.014761033,0.024640279,0.004365031,-0.037346832,0.18721169,-0.037586004,-0.052711356,-0.050170247,0.006968246,-0.002745772,0.044418335,0.08913217,-0.059423137,-0.052843556
25,0.154547,-0.10988382,-0.03479207,0.071905784,-0.11787869,-0.04091699,0.059623737,0.11878127,0.12518626,-0.045537133,0.2984997,-0.09113925,-0.030875584,0.103702255,-0.011951175,0.19472626,-0.030721288,-0.06501612,-0.062038705,0.13133627
46,0.15895377,-0.14842434,-0.042470597,-0.047365494,-0.12707824,-0.030885441,0.009386873,0.075581305,0.1302316,-0.024754895,0.3093375,-0.12501743,-0.06648211,-0.032305602,0.0804216,0.11777927,-0.05917902,0.005682745,-0.06343765,0.17234214
56,0.21628818,0.12909131,-0.039096925,0.000519247,-0.025625253,-0.03962996,0.013708927,0.18185699,-0.047258176,-0.18860503,0.2148864,0.2040889,-0.066788964,-0.009804281,-0.00362806,0.067266524,-0.047880333,0.09583014,0.021769973,-0.16122194
58,0.14217559,0.15983622,-0.01713425,5.13E-05,-0.017372647,-0.09485654,0.058225654,0.08921653,0.015541359,0.044803727,0.14577691,0.22760762,-0.011043944,0.007268825,0.00736762,0.010177219,-0.08594421,-0.017672744,0.106354184,-0.2358071
70,0.19499858,-0.054613918,-0.020003783,0.0792479,0.19056931,0.051984046,-0.01604396,0.095953204,0.030839564,0.051557254,0.29166803,0.025369367,-0.008049119,0.074282676,-0.14537978,-0.037916683,0.06236314,0.22407252,-0.021012029,0.01486496
79,0.157085,-0.099681996,-0.036257893,-0.02777398,-0.024371991,0.030475201,0.06920837,0.12915699,0.097893305,-0.06891234,0.27542776,-0.061868835,-0.042599116,-0.046817344,-0.1121507,0.022716507,0.050864186,0.06270343,-0.05428419,0.07914172
94,0.13679007,-0.11433803,-0.034613308,-0.07291707,-0.018559488,0.063721605,0.008494481,0.036661297,0.022488354,0.0461534,0.2572881,-0.10279493,-0.020381428,-0.04940922,0.006042665,0.05743848,-0.023622891,0.052086007,-0.042694725,0.07405112
97,0.14986798,-0.11836436,-0.05399458,0.000728284,-0.066573076,0.014743683,0.026589446,0.15175843,0.07634747,-0.020234765,0.26202866,-0.080586106,-0.07373394,-0.027594069,-0.015926857,0.016251188,0.020531945,0.043532148,-0.00316231,0.15043414
105,0.17440483,-0.07454589,-0.011400852,0.000375789,0.013577566,-0.07143361,0.030484803,0.051912554,-0.06564576,0.028631715,0.27302966,-0.017607821,-0.036938116,0.013099117,-0.064015806,0.0504582,-0.07035202,0.024542697,0.06811319,-0.007516626
1,0.23526879,0.13100168,-0.03900746,0.0488471,0.05401839,0.026271999,-0.05602712,0.11126018,-0.114547916,-0.1393251,0.20134857,0.24627917,-0.0449158,0.012911252,0.024541589,-0.05743831,0.020029178,0.10884118,0.07124357,-0.15770534
12,0.15062638,0.11843148,0.032416996,0.11984495,0.021901732,0.15183575,0.15320587,0.02635494,0.040526293,0.06977187,0.15586504,0.18280394,0.04422905,0.08648936,0.029218975,0.047563724,0.19471556,-0.0446353,0.04597315,0.055223443
13,0.18963014,0.18796627,-0.028925389,0.047583632,0.07383099,0.22947203,-0.00631862,0.102607384,-0.027119108,-0.006603065,0.15921585,0.22865649,-0.04794011,-0.00810545,0.008225364,0.033192534,0.13594685,0.11645531,-0.03015005,0.04239538
14,0.23296244,0.2600978,-0.006038261,0.044329703,0.16699041,0.2754512,-0.068494625,0.05599706,0.08560995,0.102408476,0.17331332,0.35065416,-0.03977091,0.004551822,-0.018018255,-0.043797337,0.23659469,0.17409599,-0.11511868,0.19782671
17,0.3444788,0.29724094,-0.016214138,0.078182265,0.11044541,0.29140872,0.000499618,-0.009059611,-0.017875275,0.07403358,0.26702312,0.37443754,-0.058362577,0.04783841,-0.0499624,-0.03390016,0.22568102,0.12236449,-0.08122683,0.09801306
50,0.1751258,0.12174148,-0.00592885,0.03603297,0.006933432,0.19632438,0.002961989,0.06612553,-0.20764849,-0.10075877,0.16911761,0.20786911,-0.037473556,-0.007041697,0.053644318,-0.019977648,0.11670137,0.096490316,0.084442444,-0.20457391
51,0.19087465,0.19700275,-0.005600638,0.018982694,0.06983206,0.08726384,0.025164224,-0.008297096,-0.055786043,-0.08962827,0.17071983,0.27639657,-0.016008502,-0.01317298,-0.008399066,-0.00146185,0.11015623,0.07146585,0.03431855,-0.08674009
54,0.23115498,0.22813366,0.05007583,0.030390957,0.10203517,0.21274495,0.025444148,-0.06241607,-0.003290752,0.04983909,0.19042747,0.3379277,0.012694581,-0.002860886,-0.005014048,-0.009946098,0.25890213,0.08812859,0.01087257,0.042572692
59,0.32010666,0.27155852,-0.003329087,0.11386286,0.17308293,0.3659598,-0.030796025,0.0373304,0.052716672,0.1030995,0.24165122,0.3827639,-0.052561186,0.035088822,-0.022137983,-0.07005499,0.3273846,0.21662661,-0.080602616,0.19175665
60,0.2364675,0.25074878,-0.031015668,0.06949196,0.14547464,0.20966522,-0.07007353,0.04252664,0.13357128,0.09454828,0.17212072,0.35787892,-0.054446757,0.017414285,-0.03682334,-0.090569705,0.16544622,0.11057698,-0.09975374,0.06998779
15,0.25156188,0.3395984,-0.0537796,-0.11179082,-0.17952213,-0.28594595,0.09970166,-0.07337098,-0.001704366,0.034655787,0.1571417,0.3928047,-0.08691007,-0.08884426,0.07044832,0.09977798,-0.26155287,-0.22832036,0.120369464,-0.055148296
52,0.30911914,0.38328394,-0.07511299,-0.09649924,-0.14008142,-0.17740338,0.013234538,-0.12673067,0.02671722,0.028139545,0.20892467,0.42841798,-0.09577499,-0.09045655,0.022182304,0.053555377,-0.17716303,-0.18091972,0.008483633,0.030803977
53,0.30381283,0.39874986,-0.072278604,-0.12359988,-0.14957653,-0.19510375,-0.007712707,-0.1279969,-0.009154434,0.042606506,0.21580422,0.47977516,-0.12819435,-0.10400156,0.085399106,0.067175366,-0.20230752,-0.13496502,0.008183891,0.054783985
55,0.26923698,0.36504847,-0.06790873,-0.11076297,-0.119502366,-0.18636562,-0.00992668,-0.035982624,-0.059508607,-0.05057513,0.16218536,0.40842488,-0.10482255,-0.0951356,0.029830052,0.08852575,-0.20192893,-0.08105271,0.034580693,-0.10962485
57,0.36145422,0.39812264,-0.08657764,-0.12972516,-0.13097353,-0.19880545,0.032705996,-0.07885526,-0.011550636,-0.031471994,0.2416316,0.46164858,-0.13605276,-0.1162653,0.051120203,0.07125665,-0.1863416,-0.17140381,0.03352638,0.059981383
61,0.2645651,0.28476146,-0.071431406,-0.08530409,-0.13697967,-0.14480433,0.05990007,-0.05719211,-0.025579317,-0.022838896,0.19271958,0.31463942,-0.0881154,-0.08505716,-0.009309521,0.11560321,-0.15136467,-0.13246144,0.02343804,-0.036115248
34,0.0805743,-0.017415132,0.5706553,-0.08354611,-0.121877275,0.11985198,0.19753356,-0.21206546,-0.06379073,0.045978256,0.11653806,0.041636728,0.5750731,-0.17652823,0.1648446,0.14114366,0.21136758,-0.16409647,0.10913002,-0.039159093
39,0.07481953,-0.01700013,0.41960618,-0.051651597,-0.11386497,0.1251286,0.17796345,-0.27939665,-0.068109214,0.066324055,0.087979525,0.048830476,0.40229255,-0.11695128,0.11219454,0.09151929,0.15918806,-0.075854495,0.046556488,-0.06745444
40,0.066603415,-0.020417526,0.3691436,0.009877936,-0.1154113,0.04921635,0.11042642,-0.14653547,-0.049912956,-0.07220601,0.129971,0.024452612,0.30430037,-0.050749164,0.0850804,0.07326401,0.096861914,-0.16724873,0.031995457,0.08665602
42,0.12541923,0.016471801,0.46838486,-0.14566523,0.062508054,-0.102264315,-0.08121714,0.18791403,0.09114759,0.000953496,0.16046299,0.07381696,0.45726326,-0.16315237,0.088025905,0.054261025,-0.008637128,-0.05596207,0.035472684,0.06385094
47,0.11420227,-0.057129987,0.535314,-0.06825204,-0.1077834,0.08307599,0.14054343,-0.06485557,-0.013127594,-0.032900672,0.16912791,0.021409608,0.51805663,-0.142589,0.15481319,0.1285703,0.16168241,-0.1701564,0.101626456,-0.017702032
31,0.13854596,-0.114544004,-0.024060493,-0.0479916,0.027203308,-0.012661289,0.008789603,-0.10887539,0.057726864,0.054369558,0.26804042,-0.085393466,0.010026559,-0.06270544,-0.10576723,-0.046289656,-0.019992776,-0.007496728,-0.049087863,0.011908043
36,0.09139583,-0.048851155,0.18647665,0.003847251,-0.052960247,-0.01249388,-0.025365334,-0.1315913,-0.008375277,-0.02403734,0.119958445,0.000954862,0.15464275,-0.024058312,0.046843976,-0.043473642,-0.06608404,-0.011047683,-0.051593777,-0.055283185
67,0.08288775,-0.048436705,-0.026372632,-0.05913358,0.052982673,-0.024138765,0.03893331,0.06266764,0.008013886,0.056717437,0.1399915,-0.022647306,-0.017497472,-0.056495454,-0.055266812,0.031557042,0.015740855,0.0448219,0.08058228,-0.02781848
68,0.12049055,-0.07476584,-0.03978789,-0.015684685,0.001768154,-0.038167764,0.14163296,-0.055118125,0.029208528,-0.07441826,0.2307128,-0.04869038,-0.048975233,-0.006850151,-0.12105093,0.15936998,0.010136391,-0.14474057,-0.008087314,-0.050851677
80,0.09607699,-0.08796397,-0.020595387,-0.013554752,-0.06709807,0.000747726,0.20933843,-0.10029081,0.2617705,-0.17957658,0.21384077,-0.100735545,-0.023215331,-0.019725647,-0.17184184,0.31112072,0.10962732,-0.108150855,-0.2113467,-0.16933146
85,0.14667562,-0.121618435,-0.036818568,-0.041925933,-0.06002762,0.053710304,0.2515211,0.0769631,0.32941136,-0.10107781,0.28967202,-0.1208607,-0.05319199,-0.01564656,-0.15547436,0.37145138,0.10472613,-0.028469995,-0.2110238,-0.16504967
88,0.16864067,-0.14148577,-0.0472843,0.007037582,-0.02780256,-0.031641718,0.23055018,0.07181821,0.22088628,-0.011506313,0.29475898,-0.09711891,-0.0669953,0.009426377,-0.17417863,0.22031462,0.0799699,-0.04106132,-0.06537069,-0.053830273
96,0.17525049,-0.14718713,-0.04754758,-0.015437417,0.025258694,0.006977646,0.32940468,0.14770076,0.21874176,-0.086175464,0.32647654,-0.12425217,-0.056567475,-0.03124806,-0.25252908,0.33484882,0.12225378,-0.003260389,-0.078431256,-0.111358
106,0.1572886,-0.1335533,-0.056781128,-0.028346676,-0.034999833,-0.05362551,0.1750958,-0.05290537,0.1867959,-0.080970846,0.2927075,-0.11587119,-0.04626971,-0.05049723,-0.16669711,0.23482268,0.06877738,-0.12946162,-0.12950431,-0.079128556
33,0.17692502,-0.13426311,0.032858655,0.3271941,-0.14603814,-0.12778486,-0.09401666,0.05192128,0.078713745,0.042594675,0.2759179,-0.057848625,0.07528886,0.37850407,0.06409826,0.054130003,-0.13997717,-0.008150425,0.008480162,0.02193455
81,0.17251588,-0.060745716,0.057512686,0.3428339,0.002868788,-0.02091472,-0.04830067,0.016849907,-0.028950254,-0.021282984,0.23976764,0.041323625,0.11903933,0.39483693,0.019817721,-0.06850866,0.061430868,-0.06276897,0.000620958,0.09839843
86,0.19671656,-0.07666121,0.022169326,0.4043862,-0.13850245,-0.06390607,-0.028276447,-0.003056119,-0.03042589,-0.101065606,0.27041662,0.0105464,0.051632628,0.43592435,0.04751551,0.03298088,-0.051515386,-0.06673774,-0.006952643,-0.07645
90,0.05989306,-0.028676122,0.06526868,0.1775474,-0.020791428,0.047212515,-0.04185207,-0.08975609,-0.08023143,0.04103191,0.101755664,0.020455047,0.116705626,0.22047085,0.038672928,-0.08421136,0.001183486,0.06998319,-0.004000919,-0.07602407
91,0.16333856,-0.071459666,-0.000180754,0.20887639,-0.098637596,-0.08106622,0.014383112,-0.002937,0.020960324,0.056182843,0.24923073,-0.0135181,0.010135122,0.2524622,0.074363634,0.093540154,-0.06681115,-0.02832249,0.026307771,0.12647149
92,0.12662792,-0.07825964,0.07961512,0.40110317,-0.076092966,-0.022158893,-0.035849728,-0.008034079,-0.18594272,-0.08733156,0.1698828,0.0220901,0.14691618,0.41428283,0.045928895,-0.060839795,-0.010416236,-0.042714227,0.09314826,-0.09316688
93,0.10117259,-0.08656392,0.03650032,0.11824047,-0.0649568,0.062125262,0.04875316,-0.06327356,-0.12035399,-0.12138533,0.16679446,-0.03381674,0.045652635,0.13099164,0.1273504,-0.057717524,0.07416091,-0.033610836,0.091313936,-0.21546812
95,0.16876052,-0.050349995,0.044688873,0.18965627,0.035839774,-0.119333565,-0.08152819,0.032855622,-0.054605935,0.07225093,0.21167271,0.05500981,0.10286634,0.26621673,-0.031658027,-0.1350836,-0.15018177,0.068867445,0.09529617,-0.039024346
98,0.21503505,-0.13595775,0.05261922,0.3892595,-0.024595523,-0.08033131,-0.08480241,-0.013641141,0.004428428,-0.09041707,0.30329123,-0.026203418,0.11896233,0.46129647,0.025798773,-0.056827035,-0.015208562,-0.061981756,-0.03208052,-0.012961203
110,0.22299564,-0.10597976,0.039388437,0.3817722,-0.05640473,-0.086237796,-0.04109823,-0.037853196,-0.003885999,-0.10967836,0.28569242,-0.003934978,0.07465315,0.44650024,0.01871925,-0.008504726,-0.031209698,-0.091390856,-0.043364435,-0.0223043
3,0.14546227,-0.11648854,-0.015093954,-0.044088323,0.23869291,-0.07268595,0.07044702,-0.12704006,-0.11746296,0.033189394,0.22022213,-0.066426665,0.046703596,-0.06941859,-0.10120133,-0.08898997,0.002026346,-0.04697994,0.15482378,-0.009687152
6,0.088827714,-0.08890998,-0.031390183,-0.076905906,0.21006984,-0.01750058,0.0028818,-0.15769167,0.005672186,-0.17176902,0.15511884,-0.057370164,0.011522629,-0.070958704,-0.17658764,-0.29534686,0.037996676,-0.22054288,-0.08124483,-0.06321944
8,0.06968796,-0.061345365,-0.023866171,0.006958942,0.21606497,-0.12548676,0.09436076,-0.11301123,-0.11458834,0.19818868,0.15121165,-0.03725627,0.050735835,-0.063638076,-0.14318903,-0.05887786,-0.023373123,-0.085729815,0.20856707,0.19261529
9,0.07794105,-0.08069066,-0.028671473,-0.08334836,0.068976775,0.050952893,0.003354264,-0.079818256,0.040023915,0.030010264,0.14864978,-0.048448853,-0.003993021,-0.09042786,-0.006074713,-0.0992521,0.04080714,-0.028391698,-0.027983496,0.0732011
10,0.12617762,-0.082882814,0.004234046,-0.001755646,0.05342926,0.06841829,-0.002974753,-0.07427891,-0.07514528,-0.0279642,0.18959314,-0.010668288,0.050726086,-0.037003595,-0.009891305,-0.12655723,0.07477311,0.02050302,0.08190867,-0.107724816
11,0.13642634,-0.0553301,-0.020523127,0.01777305,0.04966255,0.047070943,0.050468974,-0.094082914,0.09549333,0.0727408,0.19772059,0.033343766,0.020659445,0.02019362,-0.08007782,-0.078632735,0.06914447,0.03873466,-0.020565405,-0.08704191
16,0.13420418,-0.04544725,0.013259579,0.11989448,0.06057731,0.014347014,-0.020751348,-0.045763087,0.10595959,0.00601017,0.17698607,0.094357915,0.056393094,0.104221165,-0.029598337,-0.15930434,0.05637964,-0.002241425,-0.041695006,-0.19510454
18,0.09676652,0.007272874,-0.000948597,0.029738681,0.0680297,-0.09134222,-0.09088925,0.015172818,0.06811397,0.11998823,0.1497082,0.048645917,0.023877652,0.012806979,-0.05366149,-0.1251455,-0.105641514,0.062055755,-0.019267464,-0.07372707
20,0.12481605,-0.09983047,-0.049029022,0.046535935,0.1611055,-0.14806701,-0.019374792,-0.09203558,-0.11547946,0.013574875,0.19571437,-0.038456406,0.013718154,0.018370265,-0.12599303,-0.09753029,-0.122793406,-0.014781153,0.052051432,-0.034008995
21,0.06683101,-0.053967524,-0.038150005,0.01918987,0.19870523,-0.07434131,-0.075496055,-0.2481645,-0.08370718,0.02549464,0.12624949,-0.02461967,0.023584012,-0.053307373,-0.062596485,-0.22967553,0.00611567,-0.13197209,0.05041299,-0.04900581
22,0.07949741,-0.07296726,-0.040046543,-0.032621033,0.13823858,-0.1084992,-0.000774556,-0.05375667,-0.05398936,-0.017636377,0.15209651,-0.04200656,0.006581856,-0.06057067,-0.10329435,-0.059563704,-0.072798595,0.013297645,0.056491636,-0.020789554
23,0.054992992,-0.048322488,-0.03980397,0.012493903,0.1318412,-0.10860562,0.038092624,-0.026090369,0.018748939,0.012675737,0.13024896,-0.025103511,0.04323982,-0.04280806,-0.08998611,-0.007522921,-0.08949595,-0.0711478,0.022159386,0.094138205
26,0.08597548,-0.06795383,-0.029867208,0.09979027,0.11141784,-0.13588557,0.07273558,-0.06647288,-0.08760638,-0.007142585,0.1705295,-0.034608386,0.06256174,0.049007032,-0.12380765,-0.011822496,-0.07947372,-0.106769435,0.1159876,0.020619746
28,0.08048057,-0.0515429,0.008553603,-0.07316455,0.047979474,-0.053485826,-0.10822017,-0.0772714,-0.09804218,0.03502663,0.15762186,-0.01802079,0.056527723,-0.094551064,-0.03102362,-0.08089952,-0.15102866,0.103099905,-0.04963717,-0.07818263
29,0.06362158,-0.05417493,-0.005966788,0.011963655,0.107483156,-0.08672682,0.047915578,-0.11078837,-0.011566236,0.16817856,0.16355431,-0.03994693,0.058171432,-0.064925514,-0.11086932,-0.07092599,-0.041305985,-0.11829474,0.06660154,0.2423289
30,0.06554439,-0.055180352,-0.03249252,0.007431884,0.16675667,-0.13837624,0.05331172,-0.13523327,-0.01826678,0.03629442,0.15799911,-0.037989467,0.005719133,-0.071894474,-0.17244227,-0.032416426,-0.06591835,-0.11669811,-0.032844804,0.060364913
44,0.1071856,-0.07695695,-0.006675114,0.019395312,0.048737198,-0.039856967,0.03370101,-0.11570257,0.06545446,0.011034789,0.24512866,-0.06255541,-0.002764331,-0.013503647,-0.0684546,-0.015382855,0.005989797,-0.11304237,-0.06440869,0.0636373
65,0.1018589,-0.08676319,-0.002195582,-0.046305206,0.14410274,-0.060055494,-0.05279995,-0.12443486,0.06592806,0.04638818,0.19869028,-0.056971423,0.01101369,-0.058060117,-0.07289312,-0.066243544,-0.051314905,-0.000898218,-0.035691004,0.08817524
82,0.044406712,-0.04131506,0.020872496,-0.04527297,0.023229374,0.04417232,-0.023585523,0.000140922,-0.06280039,-0.10674911,0.11715952,-0.025683558,0.026429046,-0.06337277,-0.040426943,0.03269789,0.037683763,-0.013625724,-0.051479075,-0.0901657
83,0.13287754,-0.050255604,-0.000118682,0.04206739,0.15266961,-0.09644477,-0.05302143,-0.083449915,0.007217006,-0.1452815,0.21795854,-0.010789728,0.036084373,0.04019259,-0.1908721,-0.19429629,-0.050164185,-0.09968354,-0.068720765,-0.15357172
89,0.09254589,-0.073110305,-0.014055326,-0.005129332,0.07196754,-0.02521872,-0.022508055,-0.07047968,-0.1565347,-0.13139437,0.19656408,-0.07146299,0.004474936,-0.04339196,-0.04673947,-0.036592763,-0.0694914,0.08262943,0.032810494,-0.044264868
99,0.17553839,-0.10803067,0.09168634,-0.10767025,0.1619751,-0.109499164,0.012801596,0.08959286,0.07559142,0.006939668,0.31213805,-0.072363205,0.08484907,-0.07674647,-0.1901314,-0.056244183,-0.075929806,0.020380575,-0.002449118,0.106353134
100,0.15415259,-0.092426695,-0.020383477,-0.029800942,0.27794218,-0.10101441,-0.007719402,-0.20257825,0.008272523,0.043955896,0.254035,-0.03430052,0.020767357,-0.06639135,-0.18822686,-0.20386967,-0.015926616,-0.13969007,0.04285034,0.109378494
101,0.08683737,-0.07466714,-0.046220433,-0.02298541,0.053467356,0.0422642,0.036318485,-0.064601555,0.05571391,0.017145341,0.1682628,-0.0602797,-0.04101628,-0.060108677,-0.0669752,-0.0898624,0.088909626,-0.04839341,-0.04943564,0.07659793
104,0.2146436,-0.0900225,0.102973714,-0.06915209,0.19347017,-0.115451425,-0.07965288,0.009667117,0.017192744,0.011608432,0.30263287,-0.010432106,0.11143399,-0.04281735,-0.14853658,-0.11572435,-0.087094,0.026449488,-0.018060215,0.11495647
107,0.102211945,-0.09809549,-0.037077736,-0.08887198,0.19994994,-0.000337752,-0.070176505,-0.10811026,0.15410328,-0.10947032,0.19028132,-0.03413029,0.001617219,-0.11797551,-0.14704855,-0.31591544,0.06323581,-0.16373143,-0.11243666,-0.010991537
108,0.093047075,-0.06444025,-0.020911364,-0.003981105,0.02092669,-0.041320503,-0.033472784,-0.023805367,0.08077623,-0.15210962,0.18330084,-0.04200348,-0.007886408,-0.012453365,-0.09544963,-0.020931577,-0.052901767,-0.03312864,-0.028203875,-0.060514282
109,0.08922226,-0.082331985,-0.035267837,-0.078193665,0.1718527,0.026547993,-0.05217679,-0.10172306,0.12067287,-0.17015927,0.16678488,-0.046155047,0.019797701,-0.10021036,-0.14358693,-0.33210889,0.12106666,-0.21471912,-0.110049434,-0.056969628
24,0.13055415,-0.11357443,-0.029791024,-0.04242717,0.13520396,-0.06770065,0.09085473,0.009959959,-0.05223389,-0.014539161,0.23520844,-0.096554466,-0.011638202,-0.07858511,-0.13169827,-0.003074208,-0.061636116,0.117614,0.090015374,0.04521354
63,0.15268391,-0.06627487,-0.014683553,-0.007637814,0.06366587,0.005357878,-0.014246687,0.02988678,-0.13768682,-0.070333704,0.23033512,-0.007674906,-0.038901746,0.004114913,-0.006647863,-0.05027196,-0.052893296,0.119048946,0.065881714,-0.1830372
69,0.1631896,-0.13766198,-0.05017687,-0.08767795,0.04821608,0.016654138,0.14844567,0.052762073,0.011656598,-0.075376704,0.25824136,-0.11245089,-0.057605684,-0.0646603,-0.10481848,0.051654074,0.030527016,0.082987815,0.09464689,-0.058528855
75,0.17432731,-0.15391745,0.026604474,-0.013487995,0.001118525,-0.08496072,0.22796053,0.32515892,-0.24359038,0.3566406,0.28633377,-0.12099812,-0.002377503,0.017187225,-0.08586985,0.12971546,-0.031812128,0.25893095,0.44306594,0.13825476
76,0.20121805,-0.17464776,0.041258477,-0.05818194,0.001860816,-0.11115939,0.2122038,0.29351157,-0.25818476,0.35629544,0.29276657,-0.12637988,-0.008312356,-0.026151951,-0.044134837,0.10532974,-0.06298695,0.22221956,0.4691088,0.16738641
103,0.11318251,-0.09350765,-0.037051417,-0.026114704,0.044876903,0.01238525,0.17760663,0.066186085,0.059920378,0.04039217,0.19976714,-0.07841587,-0.021612937,-0.027833665,-0.11166801,0.096321866,0.081331134,0.020992726,0.040286906,-0.035475556
